DELETE FROM TTRANSACCIONESSUBTIPO;
DELETE FROM TTRANSACCIONESSUBTIPOID;

INSERT INTO TTRANSACCIONESSUBTIPOID (CTRANSSUBTIPO) VALUES ('001');
INSERT INTO TTRANSACCIONESSUBTIPOID (CTRANSSUBTIPO) VALUES ('002');
INSERT INTO TTRANSACCIONESSUBTIPOID (CTRANSSUBTIPO) VALUES ('003');
INSERT INTO TTRANSACCIONESSUBTIPOID (CTRANSSUBTIPO) VALUES ('004');
INSERT INTO TTRANSACCIONESSUBTIPOID (CTRANSSUBTIPO) VALUES ('005');
INSERT INTO TTRANSACCIONESSUBTIPOID (CTRANSSUBTIPO) VALUES ('006');
INSERT INTO TTRANSACCIONESSUBTIPOID (CTRANSSUBTIPO) VALUES ('007');
INSERT INTO TTRANSACCIONESSUBTIPOID (CTRANSSUBTIPO) VALUES ('008');
INSERT INTO TTRANSACCIONESSUBTIPOID (CTRANSSUBTIPO) VALUES ('009');
INSERT INTO TTRANSACCIONESSUBTIPOID (CTRANSSUBTIPO) VALUES ('010');
INSERT INTO TTRANSACCIONESSUBTIPOID (CTRANSSUBTIPO) VALUES ('011');
INSERT INTO TTRANSACCIONESSUBTIPOID (CTRANSSUBTIPO) VALUES ('012');
INSERT INTO TTRANSACCIONESSUBTIPOID (CTRANSSUBTIPO) VALUES ('013');

INSERT INTO TTRANSACCIONESSUBTIPO (CIDIOMA, CTRANSSUBTIPO, SUBTIPO, FHASTA, FDESDE, DESCRIPCION, VERSIONCONTROL) VALUES ('ES', '001', 'Transferencia', TO_TIMESTAMP('2999-12-31','YYYY-MM-DD'), SYSTIMESTAMP, 'TransferenciaInterna', 0);
INSERT INTO TTRANSACCIONESSUBTIPO (CIDIOMA, CTRANSSUBTIPO, SUBTIPO, FHASTA, FDESDE, DESCRIPCION, VERSIONCONTROL) VALUES ('ES', '002', 'Recarga', TO_TIMESTAMP('2999-12-31','YYYY-MM-DD'), SYSTIMESTAMP, 'TransferenciaInterna', 0);
INSERT INTO TTRANSACCIONESSUBTIPO (CIDIOMA, CTRANSSUBTIPO, SUBTIPO, FHASTA, FDESDE, DESCRIPCION, VERSIONCONTROL) VALUES ('ES', '003', 'PagoServicio', TO_TIMESTAMP('2999-12-31','YYYY-MM-DD'), SYSTIMESTAMP, 'TransferenciaInterna', 0);
INSERT INTO TTRANSACCIONESSUBTIPO (CIDIOMA, CTRANSSUBTIPO, SUBTIPO, FHASTA, FDESDE, DESCRIPCION, VERSIONCONTROL) VALUES ('ES', '004', 'PagoP2P', TO_TIMESTAMP('2999-12-31','YYYY-MM-DD'), SYSTIMESTAMP, 'TransferenciaInterna', 0);
INSERT INTO TTRANSACCIONESSUBTIPO (CIDIOMA, CTRANSSUBTIPO, SUBTIPO, FHASTA, FDESDE, DESCRIPCION, VERSIONCONTROL) VALUES ('ES', '005', 'PagoRoles', TO_TIMESTAMP('2999-12-31','YYYY-MM-DD'), SYSTIMESTAMP, 'TransferenciaInterna', 0);
INSERT INTO TTRANSACCIONESSUBTIPO (CIDIOMA, CTRANSSUBTIPO, SUBTIPO, FHASTA, FDESDE, DESCRIPCION, VERSIONCONTROL) VALUES ('ES', '006', 'DineroElectronicoCarga', TO_TIMESTAMP('2999-12-31','YYYY-MM-DD'), SYSTIMESTAMP, 'TransferenciaInterna', 0);
INSERT INTO TTRANSACCIONESSUBTIPO (CIDIOMA, CTRANSSUBTIPO, SUBTIPO, FHASTA, FDESDE, DESCRIPCION, VERSIONCONTROL) VALUES ('ES', '007', 'DineroElectronicoDescarga', TO_TIMESTAMP('2999-12-31','YYYY-MM-DD'), SYSTIMESTAMP, 'TransferenciaInterna', 0);
INSERT INTO TTRANSACCIONESSUBTIPO (CIDIOMA, CTRANSSUBTIPO, SUBTIPO, FHASTA, FDESDE, DESCRIPCION, VERSIONCONTROL) VALUES ('ES', '008', 'RecargaDevolucion', TO_TIMESTAMP('2999-12-31','YYYY-MM-DD'), SYSTIMESTAMP, 'TransferenciaInterna', 0);
INSERT INTO TTRANSACCIONESSUBTIPO (CIDIOMA, CTRANSSUBTIPO, SUBTIPO, FHASTA, FDESDE, DESCRIPCION, VERSIONCONTROL) VALUES ('ES', '009', 'PagoServicioDevolucion', TO_TIMESTAMP('2999-12-31','YYYY-MM-DD'), SYSTIMESTAMP, 'TransferenciaInterna', 0);
INSERT INTO TTRANSACCIONESSUBTIPO (CIDIOMA, CTRANSSUBTIPO, SUBTIPO, FHASTA, FDESDE, DESCRIPCION, VERSIONCONTROL) VALUES ('ES', '010', 'PagoP2PDevolucion', TO_TIMESTAMP('2999-12-31','YYYY-MM-DD'), SYSTIMESTAMP, 'TransferenciaInterna', 0);
INSERT INTO TTRANSACCIONESSUBTIPO (CIDIOMA, CTRANSSUBTIPO, SUBTIPO, FHASTA, FDESDE, DESCRIPCION, VERSIONCONTROL) VALUES ('ES', '011', 'Transferencia', TO_TIMESTAMP('2999-12-31','YYYY-MM-DD'), SYSTIMESTAMP, 'TransferenciaSPI', 0);
INSERT INTO TTRANSACCIONESSUBTIPO (CIDIOMA, CTRANSSUBTIPO, SUBTIPO, FHASTA, FDESDE, DESCRIPCION, VERSIONCONTROL) VALUES ('ES', '012', 'PagoRoles', TO_TIMESTAMP('2999-12-31','YYYY-MM-DD'), SYSTIMESTAMP, 'TransferenciaSPI', 0);
INSERT INTO TTRANSACCIONESSUBTIPO (CIDIOMA, CTRANSSUBTIPO, SUBTIPO, FHASTA, FDESDE, DESCRIPCION, VERSIONCONTROL) VALUES ('ES', '013', 'PagoP2P', TO_TIMESTAMP('2999-12-31','YYYY-MM-DD'), SYSTIMESTAMP, 'TransferenciaSPI', 0);

INSERT INTO TENTIDAD (TNAME, PAC, ENTITY, JAVAEXTENDS, JAVAIMPLEMENTS, INSERTDML, CREATEREFERENCES, OPTIMISTICLOCKING, UPDATEDML, HISTORY, PROJECT) VALUES ('TLOGTRANSACCIONESCANALES', 'uci', 'Tchanneltransactionlog', null, null, null, '0', '0', null, '0', 'pchannels');
INSERT INTO TENTIDAD (TNAME, PAC, ENTITY, JAVAEXTENDS, JAVAIMPLEMENTS, INSERTDML, CREATEREFERENCES, OPTIMISTICLOCKING, UPDATEDML, HISTORY, PROJECT) VALUES ('TTRANSACCIONESSUBTIPO', 'uci', 'Tchanneltransaction', null, 'com.fitbank.common.hb.AbstractId', null, '0', '1', null, '1', 'pchannels');
INSERT INTO TENTIDAD (TNAME, PAC, ENTITY, JAVAEXTENDS, JAVAIMPLEMENTS, INSERTDML, CREATEREFERENCES, OPTIMISTICLOCKING, UPDATEDML, HISTORY, PROJECT) VALUES ('TTRANSACCIONESSUBTIPOID', 'uci', 'Tchanneltransactionid', null, null, null, '0', '0', null, '0', 'pchannels');




